,country,titre,entreprise,salaire,links
0,fr,Stage Cryptographie quantique & Cryptographie post-quantique...,The Blockchain Group / QbitSoft,Nope,https://fr.indeed.com/jobs?q=blockchain&jt=internship&fromage=14&vjk=b395020b19fd033e
1,fr,Marketing Intern (Remote),Lambda Vision IXXO,Nope,https://fr.indeed.com/jobs?q=blockchain&jt=internship&fromage=14&vjk=a5e143be6cbe154e
2,fr,Internship Cryptographer M/F,The Blockchain Group / Xdev,Nope,https://fr.indeed.com/jobs?q=blockchain&jt=internship&fromage=14&vjk=76de15884de46dd9
3,fr,Data Analytics Internship (Market Intelligence),L'Atelier BNP Paribas,Nope,https://fr.indeed.com/jobs?q=blockchain&jt=internship&fromage=14&vjk=4ff85d0058758055
4,fr,Stage de fin d'études Consultant(e) Banque,Sia Partners,Nope,https://fr.indeed.com/jobs?q=blockchain&jt=internship&fromage=14&vjk=eae6efae67938709
5,fr,Ingénieur d'Affaires IT H/F - Stage de pré-embauche,NOVEO Group,Nope,https://fr.indeed.com/jobs?q=blockchain&jt=internship&fromage=14&vjk=3f28446c6a7bcf5c
6,fr,Stage Optimisation par technologie quantique H/F,The Blockchain Group / QbitSoft,Nope,https://fr.indeed.com/jobs?q=blockchain&jt=internship&fromage=14&vjk=f586ea9105a449f4
7,fr,Stage developpeur Java backend,fragmoschain,Nope,https://fr.indeed.com/jobs?q=blockchain&jt=internship&fromage=14&vjk=aa377c42bf0b1917
8,fr,Stage de fin d’études Consultant(e) Assurance,Sia Partners,Nope,https://fr.indeed.com/jobs?q=blockchain&jt=internship&fromage=14&vjk=77e8aaaf542edf05
9,fr,Technical Recruiter - Internship,Ledger,Nope,https://fr.indeed.com/jobs?q=blockchain&jt=internship&fromage=14&vjk=9f3ae1e19316ab02
10,fr,Business Developer IT H/F - Stage de pré-embauche,NOVEO Group,Nope,https://fr.indeed.com/jobs?q=blockchain&jt=internship&fromage=14&vjk=8eda380b179a9500
11,fr,Growth Marketing Intern ( H/F),Coinhouse,Nope,https://fr.indeed.com/jobs?q=blockchain&jt=internship&fromage=14&vjk=af2cb9cf06cf7d88
12,fr,Stage Etude de maturité du Calcul Quantique H/F,The Blockchain Group / QbitSoft,Nope,https://fr.indeed.com/jobs?q=blockchain&jt=internship&fromage=14&vjk=0514de674cafcf4d
13,fr,Stage de fin d'études Consultant(e) Services Financiers,Sia Partners,Nope,https://fr.indeed.com/jobs?q=blockchain&jt=internship&fromage=14&vjk=c119b36d86573983
14,fr,Rédacteur Web [Thème Blockchain/Crypto] H/F,Tremplin Numérique,Nope,https://fr.indeed.com/jobs?q=blockchain&jt=internship&fromage=14&vjk=8ee2071967b91c75
15,fr,Rédacteur Web H/F,Tremplin Numérique,Nope,https://fr.indeed.com/jobs?q=blockchain&jt=internship&fromage=14&start=10&vjk=0e51472284dcad6d
16,fr,Stage Coordinateur Transport H/F,Auchan Retail France,Nope,https://fr.indeed.com/jobs?q=blockchain&jt=internship&fromage=14&start=10&vjk=87006b078887b8e9
17,fr,Backend Developer (Junior / Alt) H/F,Corellis,Nope,https://fr.indeed.com/jobs?q=blockchain&jt=internship&fromage=14&start=10&vjk=282e484fa8223b5c
18,fr,Stage de Pré-embauche Data Scientist,Trimane,Nope,https://fr.indeed.com/jobs?q=blockchain&jt=internship&fromage=14&start=10&vjk=76ff4b6de612c288
19,fr,Stage Quantum Machine Learning et Quantum Artificial Neural...,The Blockchain Group / QbitSoft,Nope,https://fr.indeed.com/jobs?q=blockchain&jt=internship&fromage=14&start=10&vjk=f9464ebb5e5c91f4
20,fr,Stage de fin d'études Consultant(e) Technology Advantage,Sia Partners,Nope,https://fr.indeed.com/jobs?q=blockchain&jt=internship&fromage=14&start=10&vjk=144c22249461b98a
21,fr,Stage de fin d'études - Consultant(e) en Transformation Digi...,Sia Partners,Nope,https://fr.indeed.com/jobs?q=blockchain&jt=internship&fromage=14&start=10&vjk=014ab6646bafc70e
22,fr,Stage de fin d’études Consultant(e) Assurance,Sia Partners,Nope,https://fr.indeed.com/jobs?q=blockchain&jt=internship&fromage=14&start=20&vjk=77e8aaaf542edf05
23,fr,Technical Recruiter - Internship,Ledger,Nope,https://fr.indeed.com/jobs?q=blockchain&jt=internship&fromage=14&start=20&vjk=9f3ae1e19316ab02
24,fr,Business Developer IT H/F - Stage de pré-embauche,NOVEO Group,Nope,https://fr.indeed.com/jobs?q=blockchain&jt=internship&fromage=14&start=20&vjk=8eda380b179a9500
25,fr,Growth Marketing Intern ( H/F),Coinhouse,Nope,https://fr.indeed.com/jobs?q=blockchain&jt=internship&fromage=14&start=20&vjk=af2cb9cf06cf7d88
26,fr,Stage Etude de maturité du Calcul Quantique H/F,The Blockchain Group / QbitSoft,Nope,https://fr.indeed.com/jobs?q=blockchain&jt=internship&fromage=14&start=20&vjk=0514de674cafcf4d
27,fr,Stage de fin d'études Consultant(e) Services Financiers,Sia Partners,Nope,https://fr.indeed.com/jobs?q=blockchain&jt=internship&fromage=14&start=20&vjk=c119b36d86573983
28,fr,Rédacteur Web [Thème Blockchain/Crypto] H/F,Tremplin Numérique,Nope,https://fr.indeed.com/jobs?q=blockchain&jt=internship&fromage=14&start=20&vjk=8ee2071967b91c75
29,fr,Rédacteur Web H/F,Tremplin Numérique,Nope,https://fr.indeed.com/jobs?q=blockchain&jt=internship&fromage=14&start=20&vjk=0e51472284dcad6d
30,fr,Stage Coordinateur Transport H/F,Auchan Retail France,Nope,https://fr.indeed.com/jobs?q=blockchain&jt=internship&fromage=14&start=20&vjk=87006b078887b8e9
31,fr,Backend Developer (Junior / Alt) H/F,Corellis,Nope,https://fr.indeed.com/jobs?q=blockchain&jt=internship&fromage=14&start=20&vjk=282e484fa8223b5c
32,fr,Stage de Pré-embauche Data Scientist,Trimane,Nope,https://fr.indeed.com/jobs?q=blockchain&jt=internship&fromage=14&start=20&vjk=76ff4b6de612c288
33,fr,Stage Quantum Machine Learning et Quantum Artificial Neural...,The Blockchain Group / QbitSoft,Nope,https://fr.indeed.com/jobs?q=blockchain&jt=internship&fromage=14&start=20&vjk=f9464ebb5e5c91f4
34,fr,Stage de fin d'études Consultant(e) Technology Advantage,Sia Partners,Nope,https://fr.indeed.com/jobs?q=blockchain&jt=internship&fromage=14&start=20&vjk=144c22249461b98a
35,fr,Stagiaire développeur Front React.JS F/H,Predell,Nope,https://fr.indeed.com/jobs?q=blockchain&jt=internship&fromage=14&start=20&vjk=599893e92282c9c5
36,fr,Stage de fin d'études - Consultant(e) en Transformation Digi...,Sia Partners,Nope,https://fr.indeed.com/jobs?q=blockchain&jt=internship&fromage=14&start=20&vjk=014ab6646bafc70e
0,de,ure Development Internship,Anteja,Nope,https://de.indeed.com/jobs?q=blockchain&jt=internship&fromage=14&vjk=bff704886a95177d
1,de,"ect Management Intern (Internship, all gender)",THIS IS! Digital Media Group,Nope,https://de.indeed.com/jobs?q=blockchain&jt=internship&fromage=14&vjk=caa1ae187523514f
2,de,Praktikum - Legal Tech Startup | Geschäftsführungs Assistent...,PACTA. by BlockAxs GmbH,Nope,https://de.indeed.com/jobs?q=blockchain&jt=internship&fromage=14&vjk=51dfd3e7bee521eb
3,de,Business developer / IT sales,AcumenCog,Nope,https://de.indeed.com/jobs?q=blockchain&jt=internship&fromage=14&vjk=7db68f86dde46218
4,de,rn (m/f/d),Nuromedia GmbH,Nope,https://de.indeed.com/jobs?q=blockchain&jt=internship&fromage=14&vjk=f576c222b8c80f51
5,de,Praktikum als Projektassistent*in (m/w/d) - Legal Tech,PACTA. by BlockAxs GmbH,Nope,https://de.indeed.com/jobs?q=blockchain&jt=internship&fromage=14&vjk=84867f5f22ca8e64
6,de,Working Student Design (m/f/x),Next Big Thing AG,Nope,https://de.indeed.com/jobs?q=blockchain&jt=internship&fromage=14&vjk=e351d356f83217fe
7,de,tikant - Emerging Technologies - Consulting (Financial S...,EY,Nope,https://de.indeed.com/jobs?q=blockchain&jt=internship&fromage=14&vjk=8a77053db82f0221
8,de,tyka: Software Engineering (Fullstack) Internship,iteratec GmbH,Nope,https://de.indeed.com/jobs?q=blockchain&jt=internship&fromage=14&vjk=a9dd980b69f39f28
9,de,Finance Praktikant / Internship (m/f/d),Arweave,Nope,https://de.indeed.com/jobs?q=blockchain&jt=internship&fromage=14&vjk=8b4778ec78e8f545
10,de,Praktikum Entrepreneur in Residence - NFT FinTech (m/w/d),Pinsl GmbH,Nope,https://de.indeed.com/jobs?q=blockchain&jt=internship&fromage=14&vjk=1dc94c1a7a5f4fcf
11,de,RN – INVESTMENT ANALYST (M/W/D),10xDNA Capital Partners GmbH,Nope,https://de.indeed.com/jobs?q=blockchain&jt=internship&fromage=14&vjk=c10d723604f9057b
12,de,tikant Business Development (m/w/d),Perfect-iD GmbH,Nope,https://de.indeed.com/jobs?q=blockchain&jt=internship&fromage=14&vjk=7de1bfe23e0878cd
13,de,Praktikum als Entwickler*in (m/w/d) - Legal Tech,PACTA. by BlockAxs GmbH,Nope,https://de.indeed.com/jobs?q=blockchain&jt=internship&fromage=14&vjk=e6520235b4c8272f
14,de,PRAKTIKUM HUMAN RESOURCES (m/w/d),PALTRON GmbH,Nope,https://de.indeed.com/jobs?q=blockchain&jt=internship&fromage=14&vjk=8896f96cf3753c21
15,de,Full-time Strategy & Operations Internship (m/f/x) - Berlin,Tomorrow Biostasis GmbH,Nope,https://de.indeed.com/jobs?q=blockchain&jt=internship&fromage=14&start=10&vjk=ef29b0837a0126a3
16,de,tikum/Master-Thesis Design/Grafik im Marketing (w/m/d),Tangany,Nope,https://de.indeed.com/jobs?q=blockchain&jt=internship&fromage=14&start=10&vjk=3fb5668503c70bd2
17,de,"al Media & Community Manager (m/w/d, Praktikant/Werkstud...",AMUZED,Nope,https://de.indeed.com/jobs?q=blockchain&jt=internship&fromage=14&start=10&vjk=ad506e87f279aed3
18,de,Business developer / IT sales,AcumenCog,Nope,https://de.indeed.com/jobs?q=blockchain&jt=internship&fromage=14&start=20&vjk=7db68f86dde46218
19,de,rn (m/f/d),Nuromedia GmbH,Nope,https://de.indeed.com/jobs?q=blockchain&jt=internship&fromage=14&start=20&vjk=f576c222b8c80f51
20,de,Praktikum als Projektassistent*in (m/w/d) - Legal Tech,PACTA. by BlockAxs GmbH,Nope,https://de.indeed.com/jobs?q=blockchain&jt=internship&fromage=14&start=20&vjk=84867f5f22ca8e64
21,de,Working Student Design (m/f/x),Next Big Thing AG,Nope,https://de.indeed.com/jobs?q=blockchain&jt=internship&fromage=14&start=20&vjk=e351d356f83217fe
22,de,tyka: Software Engineering (Fullstack) Internship,iteratec GmbH,Nope,https://de.indeed.com/jobs?q=blockchain&jt=internship&fromage=14&start=20&vjk=a9dd980b69f39f28
23,de,Finance Praktikant / Internship (m/f/d),Arweave,Nope,https://de.indeed.com/jobs?q=blockchain&jt=internship&fromage=14&start=20&vjk=8b4778ec78e8f545
24,de,Praktikum Entrepreneur in Residence - NFT FinTech (m/w/d),Pinsl GmbH,Nope,https://de.indeed.com/jobs?q=blockchain&jt=internship&fromage=14&start=20&vjk=1dc94c1a7a5f4fcf
25,de,RN – INVESTMENT ANALYST (M/W/D),10xDNA Capital Partners GmbH,Nope,https://de.indeed.com/jobs?q=blockchain&jt=internship&fromage=14&start=20&vjk=c10d723604f9057b
26,de,tikant Business Development (m/w/d),Perfect-iD GmbH,Nope,https://de.indeed.com/jobs?q=blockchain&jt=internship&fromage=14&start=20&vjk=7de1bfe23e0878cd
27,de,Praktikum als Entwickler*in (m/w/d) - Legal Tech,PACTA. by BlockAxs GmbH,Nope,https://de.indeed.com/jobs?q=blockchain&jt=internship&fromage=14&start=20&vjk=e6520235b4c8272f
28,de,PRAKTIKUM HUMAN RESOURCES (m/w/d),PALTRON GmbH,Nope,https://de.indeed.com/jobs?q=blockchain&jt=internship&fromage=14&start=20&vjk=8896f96cf3753c21
29,de,tikum Strategische Geschäftsentwicklung (d/m/w),Twinsity GmbH,Nope,https://de.indeed.com/jobs?q=blockchain&jt=internship&fromage=14&start=20&vjk=b81629b6d8b61d91
30,de,Full-time Strategy & Operations Internship (m/f/x) - Berlin,Tomorrow Biostasis GmbH,Nope,https://de.indeed.com/jobs?q=blockchain&jt=internship&fromage=14&start=20&vjk=ef29b0837a0126a3
31,de,tikum/Master-Thesis Design/Grafik im Marketing (w/m/d),Tangany,Nope,https://de.indeed.com/jobs?q=blockchain&jt=internship&fromage=14&start=20&vjk=3fb5668503c70bd2
32,de,"al Media & Community Manager (m/w/d, Praktikant/Werkstud...",AMUZED,Nope,https://de.indeed.com/jobs?q=blockchain&jt=internship&fromage=14&start=20&vjk=ad506e87f279aed3
0,uk,Internship - Corporate Strategy Analyst - Bitpanda Pro,Bitpanda,Nope,https://uk.indeed.com/jobs?q=blockchain&jt=internship&fromage=14&vjk=a4874376d49d42eb
1,uk,rnship - Compliance - Bitpanda Pro,Bitpanda,Nope,https://uk.indeed.com/jobs?q=blockchain&jt=internship&fromage=14&vjk=1270a00945a99068
2,uk,Internship - Sales - Bitpanda Pro,Bitpanda,Nope,https://uk.indeed.com/jobs?q=blockchain&jt=internship&fromage=14&vjk=8841a1d6f56f045e
0,at,Internship - Banking Relationships (f/m/d),Bitpanda,Nope,https://at.indeed.com/jobs?q=blockchain&jt=internship&fromage=14&vjk=cd172fd45e006106
1,at,Internship - Market Risk (f/m/d),Bitpanda,Nope,https://at.indeed.com/jobs?q=blockchain&jt=internship&fromage=14&vjk=739ac3e4421dd3a7
2,at,g Talent - Praktikant Softwareentwicklung (m/w/d),iteratec GmbH,Nope,https://at.indeed.com/jobs?q=blockchain&jt=internship&fromage=14&vjk=fa77d4ee573bba6b
3,at,tikum in der IT-Beratung,EY,Nope,https://at.indeed.com/jobs?q=blockchain&jt=internship&fromage=14&vjk=11f30d3a1edb03f0
4,at,rnship - IT Engineering (f/m/d),Bitpanda,Nope,https://at.indeed.com/jobs?q=blockchain&jt=internship&fromage=14&vjk=0e1bbb26fe4ca906
5,at,Internship - Treasury (f/m/d),Bitpanda,Nope,https://at.indeed.com/jobs?q=blockchain&jt=internship&fromage=14&vjk=212c4dca5aa7367c
6,at,g Talent - Studentischer Mitarbeiter Softwareentwicklung...,iteratec GmbH,Nope,https://at.indeed.com/jobs?q=blockchain&jt=internship&fromage=14&vjk=7776aa4d9d668c97
0,ch,nization Intern,Sygnum Bank AG,Nope,https://ch.indeed.com/jobs?q=blockchain&jt=internship&fromage=14&vjk=0a53070d03374858
1,ch,"tikant (m/w) im Bereich «Ecosystems, Agile Transformatio...",Business Engineering Institute,Nope,https://ch.indeed.com/jobs?q=blockchain&jt=internship&fromage=14&vjk=612041076551bd1a
2,ch,Regenerative Decentralised Finance Developer - Intern,SCB,Nope,https://ch.indeed.com/jobs?q=blockchain&jt=internship&fromage=14&vjk=0fbe201c6d07adfd
3,ch,ultant or Intern (f/m/d) - Consulting Technology - Field...,EY,Nope,https://ch.indeed.com/jobs?q=blockchain&jt=internship&fromage=14&vjk=358e557db77062ac
4,ch,ior-) Manager leading EY Switzerland's blockchain and di...,EY,Nope,https://ch.indeed.com/jobs?q=blockchain&jt=internship&fromage=14&vjk=f030f98061c3c299
5,ch,or Consultant (f/m/d) - Consulting Technology - Field of...,EY,Nope,https://ch.indeed.com/jobs?q=blockchain&jt=internship&fromage=14&vjk=9cca40f0e7ffb56c
6,ch,or Consultant - Financial Services Business Consulting -...,EY,Nope,https://ch.indeed.com/jobs?q=blockchain&jt=internship&fromage=14&vjk=fb263db5e5038773
0,ie,"Associate, Communications",Wachsman,Nope,https://ie.indeed.com/jobs?q=blockchain&jt=internship&fromage=14&vjk=30b466b9e625bbaf
1,ie,nology Consulting (DET) - Intelligent Automation Deliver...,EY,Nope,https://ie.indeed.com/jobs?q=blockchain&jt=internship&fromage=14&vjk=2f88bd57cbc83160
0,nl, Internship - Blockchain Program,ING,Nope,https://nl.indeed.com/jobs?q=blockchain&jt=internship&fromage=14&vjk=b89e9a84b01473b5
1,nl,gital Content Creator - Intern,BO EXCLSUVES,Nope,https://nl.indeed.com/jobs?q=blockchain&jt=internship&fromage=14&vjk=9154c0ebd740c6d2
2,nl,Software & Digital Business Development Intern,BO EXCLUSIVES,Nope,https://nl.indeed.com/jobs?q=blockchain&jt=internship&fromage=14&vjk=bbfac62498372b59
0,ca,"Intern, Global Markets Sales Analyst",Global Digital Assets,Nope,https://ca.indeed.com/jobs?q=blockchain&jt=internship&fromage=14&vjk=904263ce1cd5f62d
1,ca,"Event Coordinator, Ventures Intern",Global Digital Assets,Nope,https://ca.indeed.com/jobs?q=blockchain&jt=internship&fromage=14&vjk=8da011cd38974eea
2,ca,Lending Analyst Intern,Global Digital Assets,Nope,https://ca.indeed.com/jobs?q=blockchain&jt=internship&fromage=14&vjk=c518365c81a150e4
3,ca,"ulting - Oracle and Tech Strategy - Summer Co-op 2022, O...",Ouest,Nope,https://ca.indeed.com/jobs?q=blockchain&jt=internship&fromage=14&vjk=bfdf9280f56934d8
0,cn,hina iXp Intern_Web Developer_Shanghai,SAP,Nope,https://cn.indeed.com/jobs?q=blockchain&jt=internship&fromage=14&vjk=f85aeb0972af1245
1,cn,Blockchain Analyst,Eureka Metacapital,Nope,https://cn.indeed.com/jobs?q=blockchain&jt=internship&fromage=14&vjk=1bbfa4c5e58c35ed
0,jp,ーンシップ マーケティング/広報,cocone connect株式会社,Nope,https://jp.indeed.com/jobs?q=blockchain&jt=internship&fromage=14&vjk=fca01de74017d169
