,titre,entreprise,salaire,links
0,"ect Management Intern (Internship, all gender)",THIS IS! Digital Media Group,Nope,https://de.indeed.com/jobs?q=blockchain&jt=internship&fromage=14&vjk=caa1ae187523514f
1,ure Development Internship,Anteja,Nope,https://de.indeed.com/jobs?q=blockchain&jt=internship&fromage=14&vjk=bff704886a95177d
2,Praktikum - Legal Tech Startup | Geschäftsführungs Assistent...,PACTA. by BlockAxs GmbH,Nope,https://de.indeed.com/jobs?q=blockchain&jt=internship&fromage=14&vjk=51dfd3e7bee521eb
3,rn (m/f/d),Nuromedia GmbH,Nope,https://de.indeed.com/jobs?q=blockchain&jt=internship&fromage=14&vjk=f576c222b8c80f51
4,Business developer / IT sales,AcumenCog,Nope,https://de.indeed.com/jobs?q=blockchain&jt=internship&fromage=14&vjk=7db68f86dde46218
5,Praktikum als Projektassistent*in (m/w/d) - Legal Tech,PACTA. by BlockAxs GmbH,Nope,https://de.indeed.com/jobs?q=blockchain&jt=internship&fromage=14&vjk=84867f5f22ca8e64
6,Working Student Design (m/f/x),Next Big Thing AG,Nope,https://de.indeed.com/jobs?q=blockchain&jt=internship&fromage=14&vjk=e351d356f83217fe
7,nce Praktikant / Internship (m/f/d),Arweave,Nope,https://de.indeed.com/jobs?q=blockchain&jt=internship&fromage=14&vjk=8b4778ec78e8f545
8,Praktikum Entrepreneur in Residence - NFT FinTech (m/w/d),Pinsl GmbH,Nope,https://de.indeed.com/jobs?q=blockchain&jt=internship&fromage=14&vjk=1dc94c1a7a5f4fcf
9,tyka: Software Engineering (Fullstack) Internship,iteratec GmbH,Nope,https://de.indeed.com/jobs?q=blockchain&jt=internship&fromage=14&vjk=a9dd980b69f39f28
10,RN – INVESTMENT ANALYST (M/W/D),10xDNA Capital Partners GmbH,Nope,https://de.indeed.com/jobs?q=blockchain&jt=internship&fromage=14&vjk=c10d723604f9057b
11,tikant Business Development (m/w/d),Perfect-iD GmbH,Nope,https://de.indeed.com/jobs?q=blockchain&jt=internship&fromage=14&vjk=7de1bfe23e0878cd
12,Praktikum als Entwickler*in (m/w/d) - Legal Tech,PACTA. by BlockAxs GmbH,Nope,https://de.indeed.com/jobs?q=blockchain&jt=internship&fromage=14&vjk=e6520235b4c8272f
13,tikum Strategische Geschäftsentwicklung (d/m/w),Twinsity GmbH,Nope,https://de.indeed.com/jobs?q=blockchain&jt=internship&fromage=14&vjk=b81629b6d8b61d91
14,TIKUM HUMAN RESOURCES (m/w/d),PALTRON GmbH,Nope,https://de.indeed.com/jobs?q=blockchain&jt=internship&fromage=14&vjk=8896f96cf3753c21
